{
    "user_profile": {
        "user_id": "ef7d54dc-a660-463e-bc43-820d07b213a9",
        "full_name": "User U001 (High Stability)",
        "dob": "1989-08-11",
        "phone": "9876573947",
        "email": "userU001@example.com",
        "pan_masked": "ABCDE52481K",
        "created_at": "2025-11-25T06:43:37.971321"
    },
    "financial_profile": {
        "profile_id": "767eb782-bfcb-4b83-9c53-66cb446fc9ed",
        "user_id": "ef7d54dc-a660-463e-bc43-820d07b213a9",
        "primary_account_masked": "XXXXXX3007",
        "account_type": "Savings",
        "source": "AA",
        "monthly_income": 38543,
        "employment_type": "Salaried",
        "last_synced": "2025-11-25T06:43:37.971343",
        "created_at": "2025-11-25T06:43:37.971345"
    },
    "transactions": [
        {
            "txn_id": "e2fc6178-d08d-4cce-84d4-646e3173cc21",
            "profile_id": "767eb782-bfcb-4b83-9c53-66cb446fc9ed",
            "txn_date": "2025-08-29",
            "amount": 37933.06,
            "credit_debit": "C",
            "balance": null,
            "description": "Salary/Regular Deposit",
            "raw_doc_ref": null
        },
        {
            "txn_id": "65ebae26-e1cd-4f98-b868-71576bf3b0a5",
            "profile_id": "767eb782-bfcb-4b83-9c53-66cb446fc9ed",
            "txn_date": "2025-09-06",
            "amount": 6166.88,
            "credit_debit": "D",
            "balance": null,
            "description": "Rent/Housing EMI",
            "raw_doc_ref": null
        },
        {
            "txn_id": "d90de982-dace-4503-aaee-f0dd16c1425a",
            "profile_id": "767eb782-bfcb-4b83-9c53-66cb446fc9ed",
            "txn_date": "2025-09-08",
            "amount": 4368.61,
            "credit_debit": "D",
            "balance": null,
            "description": "Electricity/Mobile Bill Payment",
            "raw_doc_ref": null
        },
        {
            "txn_id": "3984b496-c97d-4cd2-9794-012e3f2534a7",
            "profile_id": "767eb782-bfcb-4b83-9c53-66cb446fc9ed",
            "txn_date": "2025-09-18",
            "amount": 3982.18,
            "credit_debit": "D",
            "balance": null,
            "description": "Groceries/Transport/Daily Needs",
            "raw_doc_ref": null
        },
        {
            "txn_id": "e452295c-4dcd-4beb-9300-dcdbc245c6bd",
            "profile_id": "767eb782-bfcb-4b83-9c53-66cb446fc9ed",
            "txn_date": "2025-09-23",
            "amount": 2500.0,
            "credit_debit": "D",
            "balance": null,
            "description": "Previous Loan EMI Payment - ON TIME",
            "raw_doc_ref": null
        },
        {
            "txn_id": "b1a0d686-00a5-4daa-9667-9a72c854d66d",
            "profile_id": "767eb782-bfcb-4b83-9c53-66cb446fc9ed",
            "txn_date": "2025-10-01",
            "amount": 40446.58,
            "credit_debit": "C",
            "balance": null,
            "description": "Salary/Regular Deposit",
            "raw_doc_ref": null
        },
        {
            "txn_id": "c7a773e7-fbd6-4dd7-93e8-5c42b7af338c",
            "profile_id": "767eb782-bfcb-4b83-9c53-66cb446fc9ed",
            "txn_date": "2025-10-03",
            "amount": 6166.88,
            "credit_debit": "D",
            "balance": null,
            "description": "Rent/Housing EMI",
            "raw_doc_ref": null
        },
        {
            "txn_id": "a68a7e99-bb5e-4aa6-bd12-143818e3ace6",
            "profile_id": "767eb782-bfcb-4b83-9c53-66cb446fc9ed",
            "txn_date": "2025-10-10",
            "amount": 3811.54,
            "credit_debit": "D",
            "balance": null,
            "description": "Electricity/Mobile Bill Payment",
            "raw_doc_ref": null
        },
        {
            "txn_id": "032ef4ed-f5bc-4cb9-911a-3145570b317e",
            "profile_id": "767eb782-bfcb-4b83-9c53-66cb446fc9ed",
            "txn_date": "2025-10-16",
            "amount": 5273.71,
            "credit_debit": "D",
            "balance": null,
            "description": "Groceries/Transport/Daily Needs",
            "raw_doc_ref": null
        },
        {
            "txn_id": "86fdb0da-a271-4ac8-be2b-608d186e2704",
            "profile_id": "767eb782-bfcb-4b83-9c53-66cb446fc9ed",
            "txn_date": "2025-10-24",
            "amount": 2500.0,
            "credit_debit": "D",
            "balance": null,
            "description": "Previous Loan EMI Payment - ON TIME",
            "raw_doc_ref": null
        },
        {
            "txn_id": "3f0dbe03-4e62-4f1b-b83d-eca11cbaad6e",
            "profile_id": "767eb782-bfcb-4b83-9c53-66cb446fc9ed",
            "txn_date": "2025-10-30",
            "amount": 39012.88,
            "credit_debit": "C",
            "balance": null,
            "description": "Salary/Regular Deposit",
            "raw_doc_ref": null
        },
        {
            "txn_id": "f000f838-1a0c-473a-9582-95e1518ee312",
            "profile_id": "767eb782-bfcb-4b83-9c53-66cb446fc9ed",
            "txn_date": "2025-11-02",
            "amount": 6166.88,
            "credit_debit": "D",
            "balance": null,
            "description": "Rent/Housing EMI",
            "raw_doc_ref": null
        },
        {
            "txn_id": "56faca20-2fba-448f-b251-cfb405edbcc8",
            "profile_id": "767eb782-bfcb-4b83-9c53-66cb446fc9ed",
            "txn_date": "2025-11-07",
            "amount": 4074.58,
            "credit_debit": "D",
            "balance": null,
            "description": "Electricity/Mobile Bill Payment",
            "raw_doc_ref": null
        },
        {
            "txn_id": "83d144f7-b463-4a6a-a77f-05372464a9de",
            "profile_id": "767eb782-bfcb-4b83-9c53-66cb446fc9ed",
            "txn_date": "2025-11-11",
            "amount": 4656.12,
            "credit_debit": "D",
            "balance": null,
            "description": "Groceries/Transport/Daily Needs",
            "raw_doc_ref": null
        },
        {
            "txn_id": "b59b1fe3-d116-4109-b764-165325fbd59b",
            "profile_id": "767eb782-bfcb-4b83-9c53-66cb446fc9ed",
            "txn_date": "2025-11-23",
            "amount": 2500.0,
            "credit_debit": "D",
            "balance": null,
            "description": "Previous Loan EMI Payment - ON TIME",
            "raw_doc_ref": null
        }
    ],
    "risk_features_mock": {
        "score_mts": 631,
        "emi_to_income": 0.23,
        "volatility_90d": 0.29
    }
}