{
    "user_profile": {
        "user_id": "971874e0-0310-4864-bfa5-c78e79dc0da2",
        "full_name": "User U002 (High Stability)",
        "dob": "1997-08-28",
        "phone": "9876513651",
        "email": "userU002@example.com",
        "pan_masked": "ABCDE57656T",
        "created_at": "2025-11-25T06:43:37.971840"
    },
    "financial_profile": {
        "profile_id": "b897fe48-b5a8-4f2d-92aa-cc3dd7f6d1be",
        "user_id": "971874e0-0310-4864-bfa5-c78e79dc0da2",
        "primary_account_masked": "XXXXXX3540",
        "account_type": "Savings",
        "source": "AA",
        "monthly_income": 36695,
        "employment_type": "Salaried",
        "last_synced": "2025-11-25T06:43:37.971848",
        "created_at": "2025-11-25T06:43:37.971850"
    },
    "transactions": [
        {
            "txn_id": "b163c471-f103-41b3-b55e-0ee77cf19e53",
            "profile_id": "b897fe48-b5a8-4f2d-92aa-cc3dd7f6d1be",
            "txn_date": "2025-08-29",
            "amount": 34913.23,
            "credit_debit": "C",
            "balance": null,
            "description": "Salary/Regular Deposit",
            "raw_doc_ref": null
        },
        {
            "txn_id": "f3612b88-7779-4278-931a-091d9fa7ac3c",
            "profile_id": "b897fe48-b5a8-4f2d-92aa-cc3dd7f6d1be",
            "txn_date": "2025-09-04",
            "amount": 5871.2,
            "credit_debit": "D",
            "balance": null,
            "description": "Rent/Housing EMI",
            "raw_doc_ref": null
        },
        {
            "txn_id": "cdf8a886-1a58-4e9e-a2c2-92185b67cf04",
            "profile_id": "b897fe48-b5a8-4f2d-92aa-cc3dd7f6d1be",
            "txn_date": "2025-09-08",
            "amount": 4708.37,
            "credit_debit": "D",
            "balance": null,
            "description": "Electricity/Mobile Bill Payment",
            "raw_doc_ref": null
        },
        {
            "txn_id": "0e0a78d4-c242-405b-ad81-e8333c178981",
            "profile_id": "b897fe48-b5a8-4f2d-92aa-cc3dd7f6d1be",
            "txn_date": "2025-09-12",
            "amount": 5203.91,
            "credit_debit": "D",
            "balance": null,
            "description": "Groceries/Transport/Daily Needs",
            "raw_doc_ref": null
        },
        {
            "txn_id": "c424e10a-cfff-4c2e-a1a5-e646d0d2b69e",
            "profile_id": "b897fe48-b5a8-4f2d-92aa-cc3dd7f6d1be",
            "txn_date": "2025-09-23",
            "amount": 2500.0,
            "credit_debit": "D",
            "balance": null,
            "description": "Previous Loan EMI Payment - ON TIME",
            "raw_doc_ref": null
        },
        {
            "txn_id": "0683cf35-9071-4f7e-9181-796bc31af538",
            "profile_id": "b897fe48-b5a8-4f2d-92aa-cc3dd7f6d1be",
            "txn_date": "2025-09-30",
            "amount": 37230.65,
            "credit_debit": "C",
            "balance": null,
            "description": "Salary/Regular Deposit",
            "raw_doc_ref": null
        },
        {
            "txn_id": "38a6c3d6-52ce-4752-adc4-b4180ca31a38",
            "profile_id": "b897fe48-b5a8-4f2d-92aa-cc3dd7f6d1be",
            "txn_date": "2025-10-03",
            "amount": 5871.2,
            "credit_debit": "D",
            "balance": null,
            "description": "Rent/Housing EMI",
            "raw_doc_ref": null
        },
        {
            "txn_id": "ae108909-f4a8-4bc3-937b-9f0d590ec610",
            "profile_id": "b897fe48-b5a8-4f2d-92aa-cc3dd7f6d1be",
            "txn_date": "2025-10-09",
            "amount": 3695.42,
            "credit_debit": "D",
            "balance": null,
            "description": "Electricity/Mobile Bill Payment",
            "raw_doc_ref": null
        },
        {
            "txn_id": "fd362d90-7b5f-4c05-9ad6-f1f592dab8ca",
            "profile_id": "b897fe48-b5a8-4f2d-92aa-cc3dd7f6d1be",
            "txn_date": "2025-10-20",
            "amount": 4318.03,
            "credit_debit": "D",
            "balance": null,
            "description": "Groceries/Transport/Daily Needs",
            "raw_doc_ref": null
        },
        {
            "txn_id": "16a69bb6-7f30-449e-b08f-7336189e315f",
            "profile_id": "b897fe48-b5a8-4f2d-92aa-cc3dd7f6d1be",
            "txn_date": "2025-10-22",
            "amount": 2500.0,
            "credit_debit": "D",
            "balance": null,
            "description": "Previous Loan EMI Payment - ON TIME",
            "raw_doc_ref": null
        },
        {
            "txn_id": "c81a7711-37a0-40f2-b36f-dc9b01d7648c",
            "profile_id": "b897fe48-b5a8-4f2d-92aa-cc3dd7f6d1be",
            "txn_date": "2025-10-28",
            "amount": 36639.77,
            "credit_debit": "C",
            "balance": null,
            "description": "Salary/Regular Deposit",
            "raw_doc_ref": null
        },
        {
            "txn_id": "502af273-d713-493e-bd1f-12bac50c0e6c",
            "profile_id": "b897fe48-b5a8-4f2d-92aa-cc3dd7f6d1be",
            "txn_date": "2025-11-04",
            "amount": 5871.2,
            "credit_debit": "D",
            "balance": null,
            "description": "Rent/Housing EMI",
            "raw_doc_ref": null
        },
        {
            "txn_id": "6ee11855-116a-43a3-841e-0085e1710645",
            "profile_id": "b897fe48-b5a8-4f2d-92aa-cc3dd7f6d1be",
            "txn_date": "2025-11-09",
            "amount": 4431.98,
            "credit_debit": "D",
            "balance": null,
            "description": "Electricity/Mobile Bill Payment",
            "raw_doc_ref": null
        },
        {
            "txn_id": "f6173f3e-550b-4b1e-b269-9391689a13db",
            "profile_id": "b897fe48-b5a8-4f2d-92aa-cc3dd7f6d1be",
            "txn_date": "2025-11-12",
            "amount": 3109.72,
            "credit_debit": "D",
            "balance": null,
            "description": "Groceries/Transport/Daily Needs",
            "raw_doc_ref": null
        },
        {
            "txn_id": "33c49106-13b1-4e7a-ba4f-9404f7fec20d",
            "profile_id": "b897fe48-b5a8-4f2d-92aa-cc3dd7f6d1be",
            "txn_date": "2025-11-23",
            "amount": 2500.0,
            "credit_debit": "D",
            "balance": null,
            "description": "Previous Loan EMI Payment - ON TIME",
            "raw_doc_ref": null
        }
    ],
    "risk_features_mock": {
        "score_mts": 656,
        "emi_to_income": 0.38,
        "volatility_90d": 0.17
    }
}