{
    "user_profile": {
        "user_id": "ec0aaf3d-181c-4404-8d13-7d335bf44fda",
        "full_name": "User U003 (High Stability)",
        "dob": "1994-03-25",
        "phone": "9876548706",
        "email": "userU003@example.com",
        "pan_masked": "ABCDE89668D",
        "created_at": "2025-11-25T06:43:37.972270"
    },
    "financial_profile": {
        "profile_id": "2cd17dde-dca2-409b-95cb-fa634bc6e64a",
        "user_id": "ec0aaf3d-181c-4404-8d13-7d335bf44fda",
        "primary_account_masked": "XXXXXX9545",
        "account_type": "Savings",
        "source": "AA",
        "monthly_income": 31919,
        "employment_type": "Salaried",
        "last_synced": "2025-11-25T06:43:37.972277",
        "created_at": "2025-11-25T06:43:37.972279"
    },
    "transactions": [
        {
            "txn_id": "6ffaac34-c70d-482c-b2d0-5981dc627189",
            "profile_id": "2cd17dde-dca2-409b-95cb-fa634bc6e64a",
            "txn_date": "2025-08-28",
            "amount": 31650.71,
            "credit_debit": "C",
            "balance": null,
            "description": "Salary/Regular Deposit",
            "raw_doc_ref": null
        },
        {
            "txn_id": "9cef5b67-9977-4794-84ef-86acc650b8f0",
            "profile_id": "2cd17dde-dca2-409b-95cb-fa634bc6e64a",
            "txn_date": "2025-09-04",
            "amount": 5107.04,
            "credit_debit": "D",
            "balance": null,
            "description": "Rent/Housing EMI",
            "raw_doc_ref": null
        },
        {
            "txn_id": "cdf95c20-2903-4da2-9cad-89a0e0443bba",
            "profile_id": "2cd17dde-dca2-409b-95cb-fa634bc6e64a",
            "txn_date": "2025-09-11",
            "amount": 4187.44,
            "credit_debit": "D",
            "balance": null,
            "description": "Electricity/Mobile Bill Payment",
            "raw_doc_ref": null
        },
        {
            "txn_id": "bc66db39-6ed0-42f6-9720-8668104402ee",
            "profile_id": "2cd17dde-dca2-409b-95cb-fa634bc6e64a",
            "txn_date": "2025-09-19",
            "amount": 3398.16,
            "credit_debit": "D",
            "balance": null,
            "description": "Groceries/Transport/Daily Needs",
            "raw_doc_ref": null
        },
        {
            "txn_id": "17984c6d-f5ae-4ede-881d-aa42d67a76d7",
            "profile_id": "2cd17dde-dca2-409b-95cb-fa634bc6e64a",
            "txn_date": "2025-09-24",
            "amount": 2500.0,
            "credit_debit": "D",
            "balance": null,
            "description": "Previous Loan EMI Payment - ON TIME",
            "raw_doc_ref": null
        },
        {
            "txn_id": "6d72afde-97f2-4d6c-ac07-eccca11cbea8",
            "profile_id": "2cd17dde-dca2-409b-95cb-fa634bc6e64a",
            "txn_date": "2025-09-29",
            "amount": 30773.16,
            "credit_debit": "C",
            "balance": null,
            "description": "Salary/Regular Deposit",
            "raw_doc_ref": null
        },
        {
            "txn_id": "4cd83b16-996e-4b84-a86a-c2484cf389ba",
            "profile_id": "2cd17dde-dca2-409b-95cb-fa634bc6e64a",
            "txn_date": "2025-10-02",
            "amount": 5107.04,
            "credit_debit": "D",
            "balance": null,
            "description": "Rent/Housing EMI",
            "raw_doc_ref": null
        },
        {
            "txn_id": "fd5ba98b-8ad2-43ce-a566-286184b5eaa5",
            "profile_id": "2cd17dde-dca2-409b-95cb-fa634bc6e64a",
            "txn_date": "2025-10-10",
            "amount": 4282.5,
            "credit_debit": "D",
            "balance": null,
            "description": "Electricity/Mobile Bill Payment",
            "raw_doc_ref": null
        },
        {
            "txn_id": "a34d753e-7b49-47a6-8429-ff0d4437f1bc",
            "profile_id": "2cd17dde-dca2-409b-95cb-fa634bc6e64a",
            "txn_date": "2025-10-18",
            "amount": 3060.82,
            "credit_debit": "D",
            "balance": null,
            "description": "Groceries/Transport/Daily Needs",
            "raw_doc_ref": null
        },
        {
            "txn_id": "6c10d4cd-95e3-4718-a236-aa6c3cf79d77",
            "profile_id": "2cd17dde-dca2-409b-95cb-fa634bc6e64a",
            "txn_date": "2025-10-22",
            "amount": 2500.0,
            "credit_debit": "D",
            "balance": null,
            "description": "Previous Loan EMI Payment - ON TIME",
            "raw_doc_ref": null
        },
        {
            "txn_id": "619747c6-6cc1-476a-ba5e-48c273a376f3",
            "profile_id": "2cd17dde-dca2-409b-95cb-fa634bc6e64a",
            "txn_date": "2025-10-28",
            "amount": 31381.99,
            "credit_debit": "C",
            "balance": null,
            "description": "Salary/Regular Deposit",
            "raw_doc_ref": null
        },
        {
            "txn_id": "18f9bd34-fd3e-43af-a566-4d0f2786da4e",
            "profile_id": "2cd17dde-dca2-409b-95cb-fa634bc6e64a",
            "txn_date": "2025-11-02",
            "amount": 5107.04,
            "credit_debit": "D",
            "balance": null,
            "description": "Rent/Housing EMI",
            "raw_doc_ref": null
        },
        {
            "txn_id": "c59ba3bc-1828-4ba6-a103-016b7eeeffb5",
            "profile_id": "2cd17dde-dca2-409b-95cb-fa634bc6e64a",
            "txn_date": "2025-11-08",
            "amount": 3752.78,
            "credit_debit": "D",
            "balance": null,
            "description": "Electricity/Mobile Bill Payment",
            "raw_doc_ref": null
        },
        {
            "txn_id": "9979c42f-32e5-4ff3-a386-25446d0ca4c5",
            "profile_id": "2cd17dde-dca2-409b-95cb-fa634bc6e64a",
            "txn_date": "2025-11-20",
            "amount": 4086.05,
            "credit_debit": "D",
            "balance": null,
            "description": "Groceries/Transport/Daily Needs",
            "raw_doc_ref": null
        },
        {
            "txn_id": "69e98160-3555-4276-aa9c-a64e8611738e",
            "profile_id": "2cd17dde-dca2-409b-95cb-fa634bc6e64a",
            "txn_date": "2025-11-22",
            "amount": 2500.0,
            "credit_debit": "D",
            "balance": null,
            "description": "Previous Loan EMI Payment - ON TIME",
            "raw_doc_ref": null
        }
    ],
    "risk_features_mock": {
        "score_mts": 877,
        "emi_to_income": 0.18,
        "volatility_90d": 0.08
    }
}