{
    "user_profile": {
        "user_id": "0ee6db42-b30a-41b0-a8a6-11767038a347",
        "full_name": "User U004 (Medium Stability)",
        "dob": "1995-08-20",
        "phone": "9876580750",
        "email": "userU004@example.com",
        "pan_masked": "ABCDE78125B",
        "created_at": "2025-11-25T06:43:37.972663"
    },
    "financial_profile": {
        "profile_id": "d8155674-c0ae-4301-ad8a-1cc58d41b135",
        "user_id": "0ee6db42-b30a-41b0-a8a6-11767038a347",
        "primary_account_masked": "XXXXXX4683",
        "account_type": "Savings",
        "source": "AA",
        "monthly_income": 23828,
        "employment_type": "Self-Employed",
        "last_synced": "2025-11-25T06:43:37.972673",
        "created_at": "2025-11-25T06:43:37.972675"
    },
    "transactions": [
        {
            "txn_id": "4b370888-bc0c-457b-9afc-c87936bdc1fd",
            "profile_id": "d8155674-c0ae-4301-ad8a-1cc58d41b135",
            "txn_date": "2025-09-01",
            "amount": 22873.38,
            "credit_debit": "C",
            "balance": null,
            "description": "Salary/Regular Deposit",
            "raw_doc_ref": null
        },
        {
            "txn_id": "9cb96c5b-0a6b-4186-8256-a59b6eca4f36",
            "profile_id": "d8155674-c0ae-4301-ad8a-1cc58d41b135",
            "txn_date": "2025-09-02",
            "amount": 4765.6,
            "credit_debit": "D",
            "balance": null,
            "description": "Rent/Housing EMI",
            "raw_doc_ref": null
        },
        {
            "txn_id": "c4a6061c-0f2f-486e-a3c2-26f0c7629cb0",
            "profile_id": "d8155674-c0ae-4301-ad8a-1cc58d41b135",
            "txn_date": "2025-09-07",
            "amount": 4075.03,
            "credit_debit": "D",
            "balance": null,
            "description": "Electricity/Mobile Bill Payment",
            "raw_doc_ref": null
        },
        {
            "txn_id": "d28403be-615d-401a-aa11-cecc30d3cb6c",
            "profile_id": "d8155674-c0ae-4301-ad8a-1cc58d41b135",
            "txn_date": "2025-09-15",
            "amount": 2890.48,
            "credit_debit": "D",
            "balance": null,
            "description": "Groceries/Transport/Daily Needs",
            "raw_doc_ref": null
        },
        {
            "txn_id": "0d1ee796-78a3-4ab2-a7c8-74d3b1687ff8",
            "profile_id": "d8155674-c0ae-4301-ad8a-1cc58d41b135",
            "txn_date": "2025-09-23",
            "amount": 2500.0,
            "credit_debit": "D",
            "balance": null,
            "description": "Previous Loan EMI Payment - ON TIME",
            "raw_doc_ref": null
        },
        {
            "txn_id": "22c8c3a0-899b-4b8a-92dd-d070bf09f32b",
            "profile_id": "d8155674-c0ae-4301-ad8a-1cc58d41b135",
            "txn_date": "2025-09-30",
            "amount": 26757.9,
            "credit_debit": "C",
            "balance": null,
            "description": "Salary/Regular Deposit",
            "raw_doc_ref": null
        },
        {
            "txn_id": "bd6f9490-dedc-4f21-a693-b039328ea645",
            "profile_id": "d8155674-c0ae-4301-ad8a-1cc58d41b135",
            "txn_date": "2025-10-05",
            "amount": 4765.6,
            "credit_debit": "D",
            "balance": null,
            "description": "Rent/Housing EMI",
            "raw_doc_ref": null
        },
        {
            "txn_id": "30e21bea-dc49-4427-bc37-468b56a6c5c2",
            "profile_id": "d8155674-c0ae-4301-ad8a-1cc58d41b135",
            "txn_date": "2025-10-07",
            "amount": 3003.72,
            "credit_debit": "D",
            "balance": null,
            "description": "Electricity/Mobile Bill Payment",
            "raw_doc_ref": null
        },
        {
            "txn_id": "aabd11b7-1a02-4da8-863e-828877645dbc",
            "profile_id": "d8155674-c0ae-4301-ad8a-1cc58d41b135",
            "txn_date": "2025-10-19",
            "amount": 2721.91,
            "credit_debit": "D",
            "balance": null,
            "description": "Groceries/Transport/Daily Needs",
            "raw_doc_ref": null
        },
        {
            "txn_id": "6b1e6d6f-462c-4ff6-9ac0-007f5dff9ed9",
            "profile_id": "d8155674-c0ae-4301-ad8a-1cc58d41b135",
            "txn_date": "2025-10-22",
            "amount": 2500.0,
            "credit_debit": "D",
            "balance": null,
            "description": "Previous Loan EMI Payment - ON TIME",
            "raw_doc_ref": null
        },
        {
            "txn_id": "c99f9d89-0c7b-4dd5-a58c-c634f3216299",
            "profile_id": "d8155674-c0ae-4301-ad8a-1cc58d41b135",
            "txn_date": "2025-10-27",
            "amount": 22839.34,
            "credit_debit": "C",
            "balance": null,
            "description": "Salary/Regular Deposit",
            "raw_doc_ref": null
        },
        {
            "txn_id": "7f1cb43f-0997-43b9-a7a7-bf58e0af2a15",
            "profile_id": "d8155674-c0ae-4301-ad8a-1cc58d41b135",
            "txn_date": "2025-11-05",
            "amount": 4765.6,
            "credit_debit": "D",
            "balance": null,
            "description": "Rent/Housing EMI",
            "raw_doc_ref": null
        },
        {
            "txn_id": "cadef2be-1bf0-4d37-81cd-7e03caf74ead",
            "profile_id": "d8155674-c0ae-4301-ad8a-1cc58d41b135",
            "txn_date": "2025-11-06",
            "amount": 3340.09,
            "credit_debit": "D",
            "balance": null,
            "description": "Electricity/Mobile Bill Payment",
            "raw_doc_ref": null
        },
        {
            "txn_id": "13de6b84-5b65-4691-973a-7b3cbf400c10",
            "profile_id": "d8155674-c0ae-4301-ad8a-1cc58d41b135",
            "txn_date": "2025-11-11",
            "amount": 2725.9,
            "credit_debit": "D",
            "balance": null,
            "description": "Groceries/Transport/Daily Needs",
            "raw_doc_ref": null
        },
        {
            "txn_id": "e3a6deda-2e6b-4f07-a2b7-c55c11b29225",
            "profile_id": "d8155674-c0ae-4301-ad8a-1cc58d41b135",
            "txn_date": "2025-11-22",
            "amount": 3000.0,
            "credit_debit": "D",
            "balance": null,
            "description": "Large Entertainment Expense (Potential Risk)",
            "raw_doc_ref": null
        }
    ],
    "risk_features_mock": {
        "score_mts": 530,
        "emi_to_income": 0.14,
        "volatility_90d": 0.25
    }
}