{
    "user_profile": {
        "user_id": "18ad851e-ffed-40da-b564-92077f1abbb8",
        "full_name": "User U005 (Medium Stability)",
        "dob": "1995-03-04",
        "phone": "9876575000",
        "email": "userU005@example.com",
        "pan_masked": "ABCDE91476A",
        "created_at": "2025-11-25T06:43:37.973055"
    },
    "financial_profile": {
        "profile_id": "8598c640-5ef4-46a0-8eb8-82cb05803f7d",
        "user_id": "18ad851e-ffed-40da-b564-92077f1abbb8",
        "primary_account_masked": "XXXXXX5015",
        "account_type": "Savings",
        "source": "AA",
        "monthly_income": 19532,
        "employment_type": "Self-Employed",
        "last_synced": "2025-11-25T06:43:37.973062",
        "created_at": "2025-11-25T06:43:37.973064"
    },
    "transactions": [
        {
            "txn_id": "60e7361c-6b7a-4814-af4a-fddcfe889eb1",
            "profile_id": "8598c640-5ef4-46a0-8eb8-82cb05803f7d",
            "txn_date": "2025-09-01",
            "amount": 18362.93,
            "credit_debit": "C",
            "balance": null,
            "description": "Salary/Regular Deposit",
            "raw_doc_ref": null
        },
        {
            "txn_id": "f7be0145-ac29-4bd7-87ca-b91fbce0fa83",
            "profile_id": "8598c640-5ef4-46a0-8eb8-82cb05803f7d",
            "txn_date": "2025-09-03",
            "amount": 3906.4,
            "credit_debit": "D",
            "balance": null,
            "description": "Rent/Housing EMI",
            "raw_doc_ref": null
        },
        {
            "txn_id": "902f812c-78b3-4d3f-88f6-6ae76f36573f",
            "profile_id": "8598c640-5ef4-46a0-8eb8-82cb05803f7d",
            "txn_date": "2025-09-10",
            "amount": 3469.26,
            "credit_debit": "D",
            "balance": null,
            "description": "Electricity/Mobile Bill Payment",
            "raw_doc_ref": null
        },
        {
            "txn_id": "ba19abb7-7225-421a-bb0f-70b5d46efec9",
            "profile_id": "8598c640-5ef4-46a0-8eb8-82cb05803f7d",
            "txn_date": "2025-09-12",
            "amount": 3769.74,
            "credit_debit": "D",
            "balance": null,
            "description": "Groceries/Transport/Daily Needs",
            "raw_doc_ref": null
        },
        {
            "txn_id": "5a0c854f-b345-4b4a-a230-7c9311ac56ea",
            "profile_id": "8598c640-5ef4-46a0-8eb8-82cb05803f7d",
            "txn_date": "2025-09-23",
            "amount": 2500.0,
            "credit_debit": "D",
            "balance": null,
            "description": "Previous Loan EMI Payment - ON TIME",
            "raw_doc_ref": null
        },
        {
            "txn_id": "d873a3c0-df3f-4928-ac8f-dbff71cbb9f7",
            "profile_id": "8598c640-5ef4-46a0-8eb8-82cb05803f7d",
            "txn_date": "2025-09-30",
            "amount": 19582.95,
            "credit_debit": "C",
            "balance": null,
            "description": "Salary/Regular Deposit",
            "raw_doc_ref": null
        },
        {
            "txn_id": "bf951413-e2a6-4fed-88fd-e774a2cfd1ec",
            "profile_id": "8598c640-5ef4-46a0-8eb8-82cb05803f7d",
            "txn_date": "2025-10-06",
            "amount": 3906.4,
            "credit_debit": "D",
            "balance": null,
            "description": "Rent/Housing EMI",
            "raw_doc_ref": null
        },
        {
            "txn_id": "a3fcc8bb-843f-4587-970d-97c1ffdf8791",
            "profile_id": "8598c640-5ef4-46a0-8eb8-82cb05803f7d",
            "txn_date": "2025-10-07",
            "amount": 2698.07,
            "credit_debit": "D",
            "balance": null,
            "description": "Electricity/Mobile Bill Payment",
            "raw_doc_ref": null
        },
        {
            "txn_id": "b643cc44-d04b-46d0-891f-0f80e57f3870",
            "profile_id": "8598c640-5ef4-46a0-8eb8-82cb05803f7d",
            "txn_date": "2025-10-13",
            "amount": 3025.51,
            "credit_debit": "D",
            "balance": null,
            "description": "Groceries/Transport/Daily Needs",
            "raw_doc_ref": null
        },
        {
            "txn_id": "105deba5-bfb3-429b-b3aa-2672823cee80",
            "profile_id": "8598c640-5ef4-46a0-8eb8-82cb05803f7d",
            "txn_date": "2025-10-23",
            "amount": 2500.0,
            "credit_debit": "D",
            "balance": null,
            "description": "Previous Loan EMI Payment - ON TIME",
            "raw_doc_ref": null
        },
        {
            "txn_id": "d4817940-56cc-4cf2-b8fc-7717e69ecbb0",
            "profile_id": "8598c640-5ef4-46a0-8eb8-82cb05803f7d",
            "txn_date": "2025-10-31",
            "amount": 20872.65,
            "credit_debit": "C",
            "balance": null,
            "description": "Salary/Regular Deposit",
            "raw_doc_ref": null
        },
        {
            "txn_id": "3b0da33d-1906-4e3b-92bc-4dac894e8b1b",
            "profile_id": "8598c640-5ef4-46a0-8eb8-82cb05803f7d",
            "txn_date": "2025-11-05",
            "amount": 3906.4,
            "credit_debit": "D",
            "balance": null,
            "description": "Rent/Housing EMI",
            "raw_doc_ref": null
        },
        {
            "txn_id": "2791551b-23ce-4104-bd8d-e6b4a7a55014",
            "profile_id": "8598c640-5ef4-46a0-8eb8-82cb05803f7d",
            "txn_date": "2025-11-06",
            "amount": 3490.64,
            "credit_debit": "D",
            "balance": null,
            "description": "Electricity/Mobile Bill Payment",
            "raw_doc_ref": null
        },
        {
            "txn_id": "939e0173-f20d-47d8-b3f1-c5f57aba0ee3",
            "profile_id": "8598c640-5ef4-46a0-8eb8-82cb05803f7d",
            "txn_date": "2025-11-15",
            "amount": 3654.94,
            "credit_debit": "D",
            "balance": null,
            "description": "Groceries/Transport/Daily Needs",
            "raw_doc_ref": null
        },
        {
            "txn_id": "35438a46-212c-4ebd-8e5e-bb09453e8d77",
            "profile_id": "8598c640-5ef4-46a0-8eb8-82cb05803f7d",
            "txn_date": "2025-11-21",
            "amount": 3000.0,
            "credit_debit": "D",
            "balance": null,
            "description": "Large Entertainment Expense (Potential Risk)",
            "raw_doc_ref": null
        }
    ],
    "risk_features_mock": {
        "score_mts": 552,
        "emi_to_income": 0.31,
        "volatility_90d": 0.22
    }
}