{
    "user_profile": {
        "user_id": "4a18e8f4-b2e4-4742-ae7d-32fe52e52e98",
        "full_name": "User U006 (Medium Stability)",
        "dob": "1999-03-04",
        "phone": "9876510073",
        "email": "userU006@example.com",
        "pan_masked": "ABCDE91533O",
        "created_at": "2025-11-25T06:43:37.973420"
    },
    "financial_profile": {
        "profile_id": "add0cd35-025a-4d58-8da4-524927afd9fb",
        "user_id": "4a18e8f4-b2e4-4742-ae7d-32fe52e52e98",
        "primary_account_masked": "XXXXXX4168",
        "account_type": "Savings",
        "source": "AA",
        "monthly_income": 23171,
        "employment_type": "Self-Employed",
        "last_synced": "2025-11-25T06:43:37.973427",
        "created_at": "2025-11-25T06:43:37.973429"
    },
    "transactions": [
        {
            "txn_id": "b054d8d4-b4fe-4694-9c9f-f75fd45a30a0",
            "profile_id": "add0cd35-025a-4d58-8da4-524927afd9fb",
            "txn_date": "2025-08-28",
            "amount": 20481.71,
            "credit_debit": "C",
            "balance": null,
            "description": "Salary/Regular Deposit",
            "raw_doc_ref": null
        },
        {
            "txn_id": "201c3bc0-5e05-43d1-ba58-ee0eda2d2dc9",
            "profile_id": "add0cd35-025a-4d58-8da4-524927afd9fb",
            "txn_date": "2025-09-05",
            "amount": 4634.2,
            "credit_debit": "D",
            "balance": null,
            "description": "Rent/Housing EMI",
            "raw_doc_ref": null
        },
        {
            "txn_id": "52f13c80-7743-4762-b144-07c30ecc648d",
            "profile_id": "add0cd35-025a-4d58-8da4-524927afd9fb",
            "txn_date": "2025-09-11",
            "amount": 3267.95,
            "credit_debit": "D",
            "balance": null,
            "description": "Electricity/Mobile Bill Payment",
            "raw_doc_ref": null
        },
        {
            "txn_id": "26cd5e5d-8c89-41a1-93df-85d927255ade",
            "profile_id": "add0cd35-025a-4d58-8da4-524927afd9fb",
            "txn_date": "2025-09-16",
            "amount": 2629.06,
            "credit_debit": "D",
            "balance": null,
            "description": "Groceries/Transport/Daily Needs",
            "raw_doc_ref": null
        },
        {
            "txn_id": "c82c8233-e7a0-4c87-bfa6-b35158592a9b",
            "profile_id": "add0cd35-025a-4d58-8da4-524927afd9fb",
            "txn_date": "2025-09-23",
            "amount": 2500.0,
            "credit_debit": "D",
            "balance": null,
            "description": "Previous Loan EMI Payment - ON TIME",
            "raw_doc_ref": null
        },
        {
            "txn_id": "b27bdb92-7300-40e8-868f-13de553a8c1c",
            "profile_id": "add0cd35-025a-4d58-8da4-524927afd9fb",
            "txn_date": "2025-09-28",
            "amount": 20670.92,
            "credit_debit": "C",
            "balance": null,
            "description": "Salary/Regular Deposit",
            "raw_doc_ref": null
        },
        {
            "txn_id": "7d9553e7-8ac5-44a0-a0f0-6e7713be2782",
            "profile_id": "add0cd35-025a-4d58-8da4-524927afd9fb",
            "txn_date": "2025-10-03",
            "amount": 4634.2,
            "credit_debit": "D",
            "balance": null,
            "description": "Rent/Housing EMI",
            "raw_doc_ref": null
        },
        {
            "txn_id": "4d0edbdb-c7f4-4d1f-bcc5-4898c0af95a4",
            "profile_id": "add0cd35-025a-4d58-8da4-524927afd9fb",
            "txn_date": "2025-10-11",
            "amount": 2825.02,
            "credit_debit": "D",
            "balance": null,
            "description": "Electricity/Mobile Bill Payment",
            "raw_doc_ref": null
        },
        {
            "txn_id": "af4ce791-f01c-4d61-91b2-8a9bc57ed9ab",
            "profile_id": "add0cd35-025a-4d58-8da4-524927afd9fb",
            "txn_date": "2025-10-15",
            "amount": 3769.37,
            "credit_debit": "D",
            "balance": null,
            "description": "Groceries/Transport/Daily Needs",
            "raw_doc_ref": null
        },
        {
            "txn_id": "eb0b7812-ef9e-4d46-9be8-c2a1779151b9",
            "profile_id": "add0cd35-025a-4d58-8da4-524927afd9fb",
            "txn_date": "2025-10-24",
            "amount": 2500.0,
            "credit_debit": "D",
            "balance": null,
            "description": "Previous Loan EMI Payment - ON TIME",
            "raw_doc_ref": null
        },
        {
            "txn_id": "6e583468-63e9-4f35-85ab-14439c5f9e8c",
            "profile_id": "add0cd35-025a-4d58-8da4-524927afd9fb",
            "txn_date": "2025-10-27",
            "amount": 20846.45,
            "credit_debit": "C",
            "balance": null,
            "description": "Salary/Regular Deposit",
            "raw_doc_ref": null
        },
        {
            "txn_id": "d2e33659-6b92-49fc-a399-b3838c7cd53a",
            "profile_id": "add0cd35-025a-4d58-8da4-524927afd9fb",
            "txn_date": "2025-11-05",
            "amount": 4634.2,
            "credit_debit": "D",
            "balance": null,
            "description": "Rent/Housing EMI",
            "raw_doc_ref": null
        },
        {
            "txn_id": "721971ad-75c4-46fb-970f-2249c1bb50f3",
            "profile_id": "add0cd35-025a-4d58-8da4-524927afd9fb",
            "txn_date": "2025-11-09",
            "amount": 3594.73,
            "credit_debit": "D",
            "balance": null,
            "description": "Electricity/Mobile Bill Payment",
            "raw_doc_ref": null
        },
        {
            "txn_id": "f58f6141-a2db-4677-ab8d-fb8ccb3e6c05",
            "profile_id": "add0cd35-025a-4d58-8da4-524927afd9fb",
            "txn_date": "2025-11-19",
            "amount": 3696.29,
            "credit_debit": "D",
            "balance": null,
            "description": "Groceries/Transport/Daily Needs",
            "raw_doc_ref": null
        },
        {
            "txn_id": "7b81f9ae-d8fe-4e29-8fd0-1f1c7e9ce764",
            "profile_id": "add0cd35-025a-4d58-8da4-524927afd9fb",
            "txn_date": "2025-11-23",
            "amount": 3000.0,
            "credit_debit": "D",
            "balance": null,
            "description": "Large Entertainment Expense (Potential Risk)",
            "raw_doc_ref": null
        }
    ],
    "risk_features_mock": {
        "score_mts": 847,
        "emi_to_income": 0.32,
        "volatility_90d": 0.21
    }
}