{
    "user_profile": {
        "user_id": "8dd03906-8890-4b9a-b3b5-cf56760ce24a",
        "full_name": "User U007 (Medium Stability)",
        "dob": "1981-12-28",
        "phone": "9876539842",
        "email": "userU007@example.com",
        "pan_masked": "ABCDE86500O",
        "created_at": "2025-11-25T06:43:37.973788"
    },
    "financial_profile": {
        "profile_id": "a76dbf62-2379-4e84-97fb-aa3877fc81bf",
        "user_id": "8dd03906-8890-4b9a-b3b5-cf56760ce24a",
        "primary_account_masked": "XXXXXX2584",
        "account_type": "Savings",
        "source": "AA",
        "monthly_income": 20319,
        "employment_type": "Self-Employed",
        "last_synced": "2025-11-25T06:43:37.973794",
        "created_at": "2025-11-25T06:43:37.973795"
    },
    "transactions": [
        {
            "txn_id": "154ba219-343e-4e2a-a4a2-355fc552610d",
            "profile_id": "a76dbf62-2379-4e84-97fb-aa3877fc81bf",
            "txn_date": "2025-09-01",
            "amount": 19050.6,
            "credit_debit": "C",
            "balance": null,
            "description": "Salary/Regular Deposit",
            "raw_doc_ref": null
        },
        {
            "txn_id": "322dd050-56f8-44bf-8e5a-c891a3967281",
            "profile_id": "a76dbf62-2379-4e84-97fb-aa3877fc81bf",
            "txn_date": "2025-09-02",
            "amount": 4063.8,
            "credit_debit": "D",
            "balance": null,
            "description": "Rent/Housing EMI",
            "raw_doc_ref": null
        },
        {
            "txn_id": "b60db578-6c27-47be-8569-f4532f76bfa1",
            "profile_id": "a76dbf62-2379-4e84-97fb-aa3877fc81bf",
            "txn_date": "2025-09-09",
            "amount": 2924.75,
            "credit_debit": "D",
            "balance": null,
            "description": "Electricity/Mobile Bill Payment",
            "raw_doc_ref": null
        },
        {
            "txn_id": "e8322735-a042-49dc-9dcc-c914ea5df42f",
            "profile_id": "a76dbf62-2379-4e84-97fb-aa3877fc81bf",
            "txn_date": "2025-09-17",
            "amount": 2194.86,
            "credit_debit": "D",
            "balance": null,
            "description": "Groceries/Transport/Daily Needs",
            "raw_doc_ref": null
        },
        {
            "txn_id": "003146b5-f0e3-447d-8eb4-03ab03660ba8",
            "profile_id": "a76dbf62-2379-4e84-97fb-aa3877fc81bf",
            "txn_date": "2025-09-22",
            "amount": 2500.0,
            "credit_debit": "D",
            "balance": null,
            "description": "Previous Loan EMI Payment - ON TIME",
            "raw_doc_ref": null
        },
        {
            "txn_id": "bb20ed25-5658-4203-b6bb-6218b1333ba5",
            "profile_id": "a76dbf62-2379-4e84-97fb-aa3877fc81bf",
            "txn_date": "2025-10-01",
            "amount": 18780.25,
            "credit_debit": "C",
            "balance": null,
            "description": "Salary/Regular Deposit",
            "raw_doc_ref": null
        },
        {
            "txn_id": "3dc8ca25-0c7c-488b-a01d-450751b7109c",
            "profile_id": "a76dbf62-2379-4e84-97fb-aa3877fc81bf",
            "txn_date": "2025-10-02",
            "amount": 4063.8,
            "credit_debit": "D",
            "balance": null,
            "description": "Rent/Housing EMI",
            "raw_doc_ref": null
        },
        {
            "txn_id": "c860275f-ff50-4512-84a2-e1d2186c47cf",
            "profile_id": "a76dbf62-2379-4e84-97fb-aa3877fc81bf",
            "txn_date": "2025-10-10",
            "amount": 2762.82,
            "credit_debit": "D",
            "balance": null,
            "description": "Electricity/Mobile Bill Payment",
            "raw_doc_ref": null
        },
        {
            "txn_id": "7dcbb995-6866-471a-8c8f-ea9593dca615",
            "profile_id": "a76dbf62-2379-4e84-97fb-aa3877fc81bf",
            "txn_date": "2025-10-21",
            "amount": 3325.58,
            "credit_debit": "D",
            "balance": null,
            "description": "Groceries/Transport/Daily Needs",
            "raw_doc_ref": null
        },
        {
            "txn_id": "90db9d1c-c2ee-491a-9778-c8d73bc1b44d",
            "profile_id": "a76dbf62-2379-4e84-97fb-aa3877fc81bf",
            "txn_date": "2025-10-23",
            "amount": 2500.0,
            "credit_debit": "D",
            "balance": null,
            "description": "Previous Loan EMI Payment - ON TIME",
            "raw_doc_ref": null
        },
        {
            "txn_id": "e9d04275-5ac2-459b-a012-7dd7d434c2b8",
            "profile_id": "a76dbf62-2379-4e84-97fb-aa3877fc81bf",
            "txn_date": "2025-10-27",
            "amount": 18367.62,
            "credit_debit": "C",
            "balance": null,
            "description": "Salary/Regular Deposit",
            "raw_doc_ref": null
        },
        {
            "txn_id": "b23e5145-d636-4607-8ff3-8149b64bcfcd",
            "profile_id": "a76dbf62-2379-4e84-97fb-aa3877fc81bf",
            "txn_date": "2025-11-05",
            "amount": 4063.8,
            "credit_debit": "D",
            "balance": null,
            "description": "Rent/Housing EMI",
            "raw_doc_ref": null
        },
        {
            "txn_id": "58b0cec9-3c0b-428a-828e-e787621e5e09",
            "profile_id": "a76dbf62-2379-4e84-97fb-aa3877fc81bf",
            "txn_date": "2025-11-08",
            "amount": 3067.54,
            "credit_debit": "D",
            "balance": null,
            "description": "Electricity/Mobile Bill Payment",
            "raw_doc_ref": null
        },
        {
            "txn_id": "bc281e4f-5afe-4551-a9cf-7c0ac3134e1b",
            "profile_id": "a76dbf62-2379-4e84-97fb-aa3877fc81bf",
            "txn_date": "2025-11-12",
            "amount": 2801.48,
            "credit_debit": "D",
            "balance": null,
            "description": "Groceries/Transport/Daily Needs",
            "raw_doc_ref": null
        },
        {
            "txn_id": "7b6e33ef-11a8-4b16-8dab-2f620b230cab",
            "profile_id": "a76dbf62-2379-4e84-97fb-aa3877fc81bf",
            "txn_date": "2025-11-21",
            "amount": 3000.0,
            "credit_debit": "D",
            "balance": null,
            "description": "Large Entertainment Expense (Potential Risk)",
            "raw_doc_ref": null
        }
    ],
    "risk_features_mock": {
        "score_mts": 541,
        "emi_to_income": 0.38,
        "volatility_90d": 0.28
    }
}