{
    "user_profile": {
        "user_id": "86ae4d01-18a2-4b56-981c-3a445aa3cefa",
        "full_name": "User U008 (Low Stability)",
        "dob": "1990-01-23",
        "phone": "9876557328",
        "email": "userU008@example.com",
        "pan_masked": "ABCDE57810O",
        "created_at": "2025-11-25T06:43:37.974176"
    },
    "financial_profile": {
        "profile_id": "961ee91f-89c3-4615-8474-1a66165a0502",
        "user_id": "86ae4d01-18a2-4b56-981c-3a445aa3cefa",
        "primary_account_masked": "XXXXXX7429",
        "account_type": "Savings",
        "source": "AA",
        "monthly_income": 8300,
        "employment_type": "Daily Wage",
        "last_synced": "2025-11-25T06:43:37.974183",
        "created_at": "2025-11-25T06:43:37.974184"
    },
    "transactions": [
        {
            "txn_id": "738d71e0-dc2e-4a2d-b0f4-310c24ee2070",
            "profile_id": "961ee91f-89c3-4615-8474-1a66165a0502",
            "txn_date": "2025-08-30",
            "amount": 8539.51,
            "credit_debit": "C",
            "balance": null,
            "description": "Salary/Regular Deposit",
            "raw_doc_ref": null
        },
        {
            "txn_id": "e938f569-11f8-48b0-9605-06ff2275a2ac",
            "profile_id": "961ee91f-89c3-4615-8474-1a66165a0502",
            "txn_date": "2025-09-06",
            "amount": 2324.0,
            "credit_debit": "D",
            "balance": null,
            "description": "Rent/Housing EMI",
            "raw_doc_ref": null
        },
        {
            "txn_id": "8c1a640c-aded-426d-b893-6d8fb8616e46",
            "profile_id": "961ee91f-89c3-4615-8474-1a66165a0502",
            "txn_date": "2025-09-09",
            "amount": 1437.27,
            "credit_debit": "D",
            "balance": null,
            "description": "Electricity/Mobile Bill Payment",
            "raw_doc_ref": null
        },
        {
            "txn_id": "a988afaf-35d1-4ed4-8917-c5c1bbb1d03b",
            "profile_id": "961ee91f-89c3-4615-8474-1a66165a0502",
            "txn_date": "2025-09-15",
            "amount": 1237.09,
            "credit_debit": "D",
            "balance": null,
            "description": "Groceries/Transport/Daily Needs",
            "raw_doc_ref": null
        },
        {
            "txn_id": "e0021327-e949-4f0c-a81b-bd67fb3cf7d1",
            "profile_id": "961ee91f-89c3-4615-8474-1a66165a0502",
            "txn_date": "2025-09-23",
            "amount": 3000.0,
            "credit_debit": "D",
            "balance": null,
            "description": "Large Entertainment Expense (Potential Risk)",
            "raw_doc_ref": null
        },
        {
            "txn_id": "92317db6-1858-4e02-8ddb-4c8668827289",
            "profile_id": "961ee91f-89c3-4615-8474-1a66165a0502",
            "txn_date": "2025-10-01",
            "amount": 8499.0,
            "credit_debit": "C",
            "balance": null,
            "description": "Salary/Regular Deposit",
            "raw_doc_ref": null
        },
        {
            "txn_id": "55034ea5-c646-4dba-bd95-c8fcdcb5d606",
            "profile_id": "961ee91f-89c3-4615-8474-1a66165a0502",
            "txn_date": "2025-10-03",
            "amount": 2324.0,
            "credit_debit": "D",
            "balance": null,
            "description": "Rent/Housing EMI",
            "raw_doc_ref": null
        },
        {
            "txn_id": "b4051ad0-dc0e-4015-beb6-66151f67382c",
            "profile_id": "961ee91f-89c3-4615-8474-1a66165a0502",
            "txn_date": "2025-10-11",
            "amount": 1944.71,
            "credit_debit": "D",
            "balance": null,
            "description": "Electricity/Mobile Bill Payment",
            "raw_doc_ref": null
        },
        {
            "txn_id": "7f17cb3d-5d13-47a6-b343-6c6b91582558",
            "profile_id": "961ee91f-89c3-4615-8474-1a66165a0502",
            "txn_date": "2025-10-12",
            "amount": 1954.82,
            "credit_debit": "D",
            "balance": null,
            "description": "Groceries/Transport/Daily Needs",
            "raw_doc_ref": null
        },
        {
            "txn_id": "1c0e4717-05b5-48d7-9ff7-0c12acdf0fe0",
            "profile_id": "961ee91f-89c3-4615-8474-1a66165a0502",
            "txn_date": "2025-10-24",
            "amount": 2500.0,
            "credit_debit": "D",
            "balance": null,
            "description": "Previous Loan EMI Payment - ON TIME",
            "raw_doc_ref": null
        },
        {
            "txn_id": "275e6754-7a1c-48ea-9ef9-681a305b6d10",
            "profile_id": "961ee91f-89c3-4615-8474-1a66165a0502",
            "txn_date": "2025-10-29",
            "amount": 7918.57,
            "credit_debit": "C",
            "balance": null,
            "description": "Salary/Regular Deposit",
            "raw_doc_ref": null
        },
        {
            "txn_id": "d64f6df8-38b3-462f-a83b-794e94cb33b8",
            "profile_id": "961ee91f-89c3-4615-8474-1a66165a0502",
            "txn_date": "2025-11-01",
            "amount": 2324.0,
            "credit_debit": "D",
            "balance": null,
            "description": "Rent/Housing EMI",
            "raw_doc_ref": null
        },
        {
            "txn_id": "6146425c-fbbe-4b15-8660-fac211f19f47",
            "profile_id": "961ee91f-89c3-4615-8474-1a66165a0502",
            "txn_date": "2025-11-06",
            "amount": 1454.97,
            "credit_debit": "D",
            "balance": null,
            "description": "Electricity/Mobile Bill Payment",
            "raw_doc_ref": null
        },
        {
            "txn_id": "287e2ec8-9584-40d1-8927-3df832de8a2e",
            "profile_id": "961ee91f-89c3-4615-8474-1a66165a0502",
            "txn_date": "2025-11-17",
            "amount": 1724.02,
            "credit_debit": "D",
            "balance": null,
            "description": "Groceries/Transport/Daily Needs",
            "raw_doc_ref": null
        },
        {
            "txn_id": "bbd588fe-fa94-4713-a07c-d92bc7c666ad",
            "profile_id": "961ee91f-89c3-4615-8474-1a66165a0502",
            "txn_date": "2025-11-23",
            "amount": 3000.0,
            "credit_debit": "D",
            "balance": null,
            "description": "Large Entertainment Expense (Potential Risk)",
            "raw_doc_ref": null
        }
    ],
    "risk_features_mock": {
        "score_mts": 611,
        "emi_to_income": 0.34,
        "volatility_90d": 0.26
    }
}