{
    "user_profile": {
        "user_id": "3a7ab7d6-b99e-4514-bba0-b9e22ceed468",
        "full_name": "User U009 (Low Stability)",
        "dob": "1985-06-25",
        "phone": "9876520212",
        "email": "userU009@example.com",
        "pan_masked": "ABCDE27907G",
        "created_at": "2025-11-25T06:43:37.974574"
    },
    "financial_profile": {
        "profile_id": "151cb092-a41f-4241-bb39-ceee1e846868",
        "user_id": "3a7ab7d6-b99e-4514-bba0-b9e22ceed468",
        "primary_account_masked": "XXXXXX7407",
        "account_type": "Savings",
        "source": "AA",
        "monthly_income": 10154,
        "employment_type": "Daily Wage",
        "last_synced": "2025-11-25T06:43:37.974581",
        "created_at": "2025-11-25T06:43:37.974582"
    },
    "transactions": [
        {
            "txn_id": "38566493-2397-4c98-a63b-27330cfcf6bb",
            "profile_id": "151cb092-a41f-4241-bb39-ceee1e846868",
            "txn_date": "2025-08-29",
            "amount": 8241.63,
            "credit_debit": "C",
            "balance": null,
            "description": "Salary/Regular Deposit",
            "raw_doc_ref": null
        },
        {
            "txn_id": "ce771432-bdd2-4a42-ade7-c1038aa5c259",
            "profile_id": "151cb092-a41f-4241-bb39-ceee1e846868",
            "txn_date": "2025-09-03",
            "amount": 2843.12,
            "credit_debit": "D",
            "balance": null,
            "description": "Rent/Housing EMI",
            "raw_doc_ref": null
        },
        {
            "txn_id": "31aaed38-e264-4507-9d25-64022a0d9316",
            "profile_id": "151cb092-a41f-4241-bb39-ceee1e846868",
            "txn_date": "2025-09-11",
            "amount": 1705.91,
            "credit_debit": "D",
            "balance": null,
            "description": "Electricity/Mobile Bill Payment",
            "raw_doc_ref": null
        },
        {
            "txn_id": "00f5f9db-08d6-4193-9005-03fb5bfbb715",
            "profile_id": "151cb092-a41f-4241-bb39-ceee1e846868",
            "txn_date": "2025-09-21",
            "amount": 1508.63,
            "credit_debit": "D",
            "balance": null,
            "description": "Groceries/Transport/Daily Needs",
            "raw_doc_ref": null
        },
        {
            "txn_id": "2536c8e1-604a-41dd-86b7-57a36eb8eedd",
            "profile_id": "151cb092-a41f-4241-bb39-ceee1e846868",
            "txn_date": "2025-09-24",
            "amount": 3000.0,
            "credit_debit": "D",
            "balance": null,
            "description": "Large Entertainment Expense (Potential Risk)",
            "raw_doc_ref": null
        },
        {
            "txn_id": "66bab86f-94d1-4b93-ae36-71bfa3c07a90",
            "profile_id": "151cb092-a41f-4241-bb39-ceee1e846868",
            "txn_date": "2025-10-01",
            "amount": 10527.11,
            "credit_debit": "C",
            "balance": null,
            "description": "Salary/Regular Deposit",
            "raw_doc_ref": null
        },
        {
            "txn_id": "1f293a56-d218-4ac3-b995-cd3370855d48",
            "profile_id": "151cb092-a41f-4241-bb39-ceee1e846868",
            "txn_date": "2025-10-05",
            "amount": 2843.12,
            "credit_debit": "D",
            "balance": null,
            "description": "Rent/Housing EMI",
            "raw_doc_ref": null
        },
        {
            "txn_id": "b65e89d4-a443-49cd-a2bf-b22b09a4c0f2",
            "profile_id": "151cb092-a41f-4241-bb39-ceee1e846868",
            "txn_date": "2025-10-08",
            "amount": 2379.79,
            "credit_debit": "D",
            "balance": null,
            "description": "Electricity/Mobile Bill Payment",
            "raw_doc_ref": null
        },
        {
            "txn_id": "ff7f3088-e9b9-423e-8246-fe5bbd2386be",
            "profile_id": "151cb092-a41f-4241-bb39-ceee1e846868",
            "txn_date": "2025-10-16",
            "amount": 2169.49,
            "credit_debit": "D",
            "balance": null,
            "description": "Groceries/Transport/Daily Needs",
            "raw_doc_ref": null
        },
        {
            "txn_id": "884b7ecc-77d0-48ea-9ef6-3f37933ecb9a",
            "profile_id": "151cb092-a41f-4241-bb39-ceee1e846868",
            "txn_date": "2025-10-22",
            "amount": 2500.0,
            "credit_debit": "D",
            "balance": null,
            "description": "Previous Loan EMI Payment - ON TIME",
            "raw_doc_ref": null
        },
        {
            "txn_id": "24351ce0-6d0b-4300-a6b2-efa9f9b53c31",
            "profile_id": "151cb092-a41f-4241-bb39-ceee1e846868",
            "txn_date": "2025-10-29",
            "amount": 11905.58,
            "credit_debit": "C",
            "balance": null,
            "description": "Salary/Regular Deposit",
            "raw_doc_ref": null
        },
        {
            "txn_id": "f4c4cba9-30ca-4023-906d-4f5d9782e298",
            "profile_id": "151cb092-a41f-4241-bb39-ceee1e846868",
            "txn_date": "2025-11-01",
            "amount": 2843.12,
            "credit_debit": "D",
            "balance": null,
            "description": "Rent/Housing EMI",
            "raw_doc_ref": null
        },
        {
            "txn_id": "ddefe079-c05c-449d-8969-1d7e7e161c03",
            "profile_id": "151cb092-a41f-4241-bb39-ceee1e846868",
            "txn_date": "2025-11-08",
            "amount": 2233.87,
            "credit_debit": "D",
            "balance": null,
            "description": "Electricity/Mobile Bill Payment",
            "raw_doc_ref": null
        },
        {
            "txn_id": "aa9dcf0c-9470-41c0-93a4-0dd4f5f00e86",
            "profile_id": "151cb092-a41f-4241-bb39-ceee1e846868",
            "txn_date": "2025-11-18",
            "amount": 1970.29,
            "credit_debit": "D",
            "balance": null,
            "description": "Groceries/Transport/Daily Needs",
            "raw_doc_ref": null
        },
        {
            "txn_id": "6867dee4-3d12-443c-aa8f-de9d3e24a2de",
            "profile_id": "151cb092-a41f-4241-bb39-ceee1e846868",
            "txn_date": "2025-11-22",
            "amount": 3000.0,
            "credit_debit": "D",
            "balance": null,
            "description": "Large Entertainment Expense (Potential Risk)",
            "raw_doc_ref": null
        }
    ],
    "risk_features_mock": {
        "score_mts": 684,
        "emi_to_income": 0.21,
        "volatility_90d": 0.09
    }
}