{
    "user_profile": {
        "user_id": "2163bc2d-eaaf-4238-8e07-649959198931",
        "full_name": "User U010 (Low Stability)",
        "dob": "1993-10-18",
        "phone": "9876539174",
        "email": "userU010@example.com",
        "pan_masked": "ABCDE28363D",
        "created_at": "2025-11-25T06:43:37.974980"
    },
    "financial_profile": {
        "profile_id": "b4353da4-bc26-490e-980c-8ea779ebd44d",
        "user_id": "2163bc2d-eaaf-4238-8e07-649959198931",
        "primary_account_masked": "XXXXXX7217",
        "account_type": "Savings",
        "source": "AA",
        "monthly_income": 8215,
        "employment_type": "Daily Wage",
        "last_synced": "2025-11-25T06:43:37.974987",
        "created_at": "2025-11-25T06:43:37.974988"
    },
    "transactions": [
        {
            "txn_id": "8e58cfc4-8d46-4757-967d-d6dec7335a58",
            "profile_id": "b4353da4-bc26-490e-980c-8ea779ebd44d",
            "txn_date": "2025-09-01",
            "amount": 9321.83,
            "credit_debit": "C",
            "balance": null,
            "description": "Salary/Regular Deposit",
            "raw_doc_ref": null
        },
        {
            "txn_id": "38d3fb5c-0ea1-40a2-bb7b-64f8fa0b636a",
            "profile_id": "b4353da4-bc26-490e-980c-8ea779ebd44d",
            "txn_date": "2025-09-04",
            "amount": 2300.2,
            "credit_debit": "D",
            "balance": null,
            "description": "Rent/Housing EMI",
            "raw_doc_ref": null
        },
        {
            "txn_id": "eefca870-971d-4dde-8183-107c885a3fd3",
            "profile_id": "b4353da4-bc26-490e-980c-8ea779ebd44d",
            "txn_date": "2025-09-07",
            "amount": 1503.79,
            "credit_debit": "D",
            "balance": null,
            "description": "Electricity/Mobile Bill Payment",
            "raw_doc_ref": null
        },
        {
            "txn_id": "3259e69e-0ab0-4c1a-aa9e-f54b643108f1",
            "profile_id": "b4353da4-bc26-490e-980c-8ea779ebd44d",
            "txn_date": "2025-09-18",
            "amount": 2219.81,
            "credit_debit": "D",
            "balance": null,
            "description": "Groceries/Transport/Daily Needs",
            "raw_doc_ref": null
        },
        {
            "txn_id": "655645ad-be22-40b1-8247-67ea66101396",
            "profile_id": "b4353da4-bc26-490e-980c-8ea779ebd44d",
            "txn_date": "2025-09-22",
            "amount": 3000.0,
            "credit_debit": "D",
            "balance": null,
            "description": "Large Entertainment Expense (Potential Risk)",
            "raw_doc_ref": null
        },
        {
            "txn_id": "eae36bec-a681-458c-b8ac-dab7d7205a48",
            "profile_id": "b4353da4-bc26-490e-980c-8ea779ebd44d",
            "txn_date": "2025-10-01",
            "amount": 10063.94,
            "credit_debit": "C",
            "balance": null,
            "description": "Salary/Regular Deposit",
            "raw_doc_ref": null
        },
        {
            "txn_id": "883539a9-df2c-49da-909c-0ee2530a3b22",
            "profile_id": "b4353da4-bc26-490e-980c-8ea779ebd44d",
            "txn_date": "2025-10-04",
            "amount": 2300.2,
            "credit_debit": "D",
            "balance": null,
            "description": "Rent/Housing EMI",
            "raw_doc_ref": null
        },
        {
            "txn_id": "9f56999a-5df5-4fcf-8b6d-c75c99e621ad",
            "profile_id": "b4353da4-bc26-490e-980c-8ea779ebd44d",
            "txn_date": "2025-10-10",
            "amount": 1903.53,
            "credit_debit": "D",
            "balance": null,
            "description": "Electricity/Mobile Bill Payment",
            "raw_doc_ref": null
        },
        {
            "txn_id": "f4ec482a-899b-438a-994c-81289de21c4e",
            "profile_id": "b4353da4-bc26-490e-980c-8ea779ebd44d",
            "txn_date": "2025-10-17",
            "amount": 1540.8,
            "credit_debit": "D",
            "balance": null,
            "description": "Groceries/Transport/Daily Needs",
            "raw_doc_ref": null
        },
        {
            "txn_id": "06ed858d-40d5-4cff-9cd0-16d9abde7333",
            "profile_id": "b4353da4-bc26-490e-980c-8ea779ebd44d",
            "txn_date": "2025-10-24",
            "amount": 2500.0,
            "credit_debit": "D",
            "balance": null,
            "description": "Previous Loan EMI Payment - ON TIME",
            "raw_doc_ref": null
        },
        {
            "txn_id": "60b6abe0-8585-4a1c-b5b6-f1313d6ac521",
            "profile_id": "b4353da4-bc26-490e-980c-8ea779ebd44d",
            "txn_date": "2025-10-28",
            "amount": 7852.91,
            "credit_debit": "C",
            "balance": null,
            "description": "Salary/Regular Deposit",
            "raw_doc_ref": null
        },
        {
            "txn_id": "db4fb642-6ef8-435e-bb24-b1140d0e852b",
            "profile_id": "b4353da4-bc26-490e-980c-8ea779ebd44d",
            "txn_date": "2025-11-03",
            "amount": 2300.2,
            "credit_debit": "D",
            "balance": null,
            "description": "Rent/Housing EMI",
            "raw_doc_ref": null
        },
        {
            "txn_id": "9820c8ff-671d-488e-8527-4ec6e1d05cf6",
            "profile_id": "b4353da4-bc26-490e-980c-8ea779ebd44d",
            "txn_date": "2025-11-07",
            "amount": 1713.46,
            "credit_debit": "D",
            "balance": null,
            "description": "Electricity/Mobile Bill Payment",
            "raw_doc_ref": null
        },
        {
            "txn_id": "9e6e0f9a-07a6-4270-bdc6-03b7c5cac769",
            "profile_id": "b4353da4-bc26-490e-980c-8ea779ebd44d",
            "txn_date": "2025-11-12",
            "amount": 2191.01,
            "credit_debit": "D",
            "balance": null,
            "description": "Groceries/Transport/Daily Needs",
            "raw_doc_ref": null
        },
        {
            "txn_id": "f50171c9-68c9-4620-8eae-4b78087093d6",
            "profile_id": "b4353da4-bc26-490e-980c-8ea779ebd44d",
            "txn_date": "2025-11-21",
            "amount": 3000.0,
            "credit_debit": "D",
            "balance": null,
            "description": "Large Entertainment Expense (Potential Risk)",
            "raw_doc_ref": null
        }
    ],
    "risk_features_mock": {
        "score_mts": 814,
        "emi_to_income": 0.16,
        "volatility_90d": 0.24
    }
}